# Source: GeoNames cities15000 (geonames.org), CC BY 4.0
geonameid,name,lat,lon,population
2950159,Berlin,52.52437,13.41053,3426354
2911298,Hamburg,53.55073,9.99302,1973896
2867714,Munich,48.13743,11.57549,1505005
2886242,Köln,50.93333,6.95000,1024621
2925533,Frankfurt am Main,50.11552,8.68417,650000
2934246,Düsseldorf,51.22319,6.77927,618685
2825297,Stuttgart,48.78232,9.17702,612663
2928810,Essen,51.45657,7.01228,593085
2935517,Dortmund,51.51494,7.46600,588462
2935022,Dresden,51.05089,13.73832,564904
2944388,Bremen,53.07582,8.80717,546501
2861650,Nuremberg,49.45421,11.07752,515543
2910831,Hannover,52.37052,9.73322,515140
2879139,Leipzig,51.33962,12.37129,504971
2934691,Duisburg,51.43247,6.76516,504358
2947416,Bochum,51.48165,7.21648,385729
2805753,Wuppertal,51.25627,7.14816,360797
2949186,Bielefeld,52.03333,8.53333,331906
2946447,Bonn,50.73438,7.09549,330579
2867543,Münster,51.96236,7.62571,308258
2873891,Mannheim,49.48910,8.46694,307960
2954172,Augsburg,48.37154,10.89851,301105
2809346,Wiesbaden,50.08601,8.24435,288850
2892794,Karlsruhe,49.00937,8.40444,283799
2921466,Gelsenkirchen,51.50508,7.09654,270028
3247449,Aachen,50.77664,6.08342,265208
2869894,Mönchengladbach,51.18539,6.44172,261742
2891122,Kiel,54.32133,10.13489,252668
2940132,Chemnitz,50.83570,12.92922,247220
2945024,Braunschweig,52.26594,10.52673,244715
2874545,Magdeburg,52.13129,11.63189,244329
2884509,Krefeld,51.33645,6.55381,237984
2911522,Halle (Saale),51.48158,11.97947,237865
2925177,Freiburg,47.99590,7.85222,237460
2874225,Mainz,49.98185,8.28008,222889
2860410,Oberhausen,51.47805,6.86250,219176
2929670,Erfurt,50.97734,11.03536,218793
2875601,Lübeck,53.86893,10.68729,212207
2912621,Hagen,51.36081,7.47168,198972
2844588,Rostock,54.08870,12.14049,198293
2892518,Kassel,51.31667,9.50000,197230
2852458,Potsdam,52.39886,13.06566,184754
2842647,Saarbrücken,49.23262,7.00982,182971
2911240,Hamm,51.68033,7.82089,178967
2867838,Mülheim,51.43218,6.87967,173050
2905891,Herne,51.53880,7.22572,172108
2938913,Darmstadt,49.87167,8.65027,167029
2856883,Osnabrück,52.27264,8.04980,166462
2831580,Solingen,51.17343,7.08450,164359
2875376,Ludwigshafen am Rhein,49.48121,8.44641,163196
2878234,Leverkusen,51.03030,6.98432,162738
2857458,Oldenburg,53.14039,8.21479,159218
2864118,Neuss,51.19807,6.68504,152457
2849483,Regensburg,49.01513,12.10161,151389
2907911,Heidelberg,49.40768,8.69079,143345
2855745,Paderborn,51.71905,8.75439,142161
2805615,Würzburg,49.79391,9.95121,133731
2923544,Fürth,49.47593,10.98856,132036
2806654,Wolfsburg,52.42360,10.77597,123064
2849647,Recklinghausen,51.61379,7.19738,122438
2918632,Göttingen,51.53443,9.93228,122149
2907669,Heilbronn,49.13995,9.22054,120733
2895992,Ingolstadt,48.76508,11.42372,120658
2820256,Ulm,48.39841,9.99155,120451
2945756,Bottrop,51.52392,6.92850,119909
2853969,Pforzheim,48.88436,8.69892,119313
2857807,Offenbach,50.10061,8.76647,119192
2944368,Bremerhaven,53.55357,8.57553,118610
2848273,Remscheid,51.17983,7.19250,117118
2847736,Reutlingen,48.49144,9.20427,112627
2886946,Koblenz,50.35357,7.57883,107319
2832495,Siegen,50.87481,8.02431,107242
2950349,Bergisch Gladbach,50.98560,7.13298,106184
2842150,Salzgitter,52.15705,10.41540,104970
2895044,Jena,50.92878,11.58990,104712
2921232,Gera,50.88029,12.08187,104659
2870221,Moers,51.45342,6.63260,103487
2904789,Hildesheim,52.15077,9.95112,103052
2929567,Erlangen,49.59099,11.00783,102675
2821164,Trier,49.75565,6.63935,100129
2803560,Zwickau,50.72724,12.48839,98796
2894003,Kaiserslautern,49.44300,7.77161,98732
2834282,Schwerin,53.62937,11.41316,96641
2913366,Gütersloh,51.90693,8.37853,96180
2934486,Düren,50.80434,6.49299,93440
2928751,Esslingen,48.73961,9.30473,92390
2820860,Tübingen,48.52266,9.05222,92322
2895669,Iserlohn,51.37547,7.70281,91811
2807363,Witten,51.44362,7.35258,91808
2850174,Ratingen,51.29724,6.84929,91606
2873263,Marl,51.65671,7.09038,91398
2875107,Lünen,51.61634,7.52872,91009
2920512,Gießen,50.58727,8.67554,89179
2911007,Hanau am Main,50.13423,8.91418,88648
2817724,Velbert,51.33537,7.04348,87669
2875392,Ludwigsburg,48.89731,9.19161,87603
2926271,Flensburg,54.78805,9.43722,85838
2939811,Cottbus,51.75769,14.32888,84754
2808720,Wilhelmshaven,53.54760,8.10395,84393
2871039,Minden,52.28953,8.91455,82879
